A F Station Yelahanka,13.131581,77.624029,59,3,55,8,58,3,98,284,871,67,59,39,4,4,4,42,4,4,4,4,45
Agram,10.964005,78.066392,72,6,165,5,76,10,126,460,6558,110,96,64,6,6,6,69,6,6,6,6,73
Air Force Hospital,15.262003,76.390119,56,0,55,0,118,4,38,271,4073,64,56,37,4,4,4,40,4,4,4,4,43
Amruthahalli,13.064871,77.599216,53,36,176,18,124,5,329,741,4016,177,155,103,11,11,11,111,11,11,11,11,118
Anandnagar,27.099498,83.270867,6,0,22,2,89,0,0,119,5656,28,24,16,2,2,2,17,2,2,2,2,18
Arabic College,9.268491,78.910118,1,0,0,0,3,0,0,4,4044,0,0,0,0,0,0,0,0,0,0,0,0
Attur,11.59655,78.603392,143,1,159,6,291,20,224,844,2549,202,177,118,12,12,12,126,12,12,12,12,134
Austin Town,12.959949,77.613559,2,0,0,0,2,0,1,5,5047,1,0,0,0,0,0,0,0,0,0,0,0
Banaswadi,13.008212,77.652836,5,0,25,4,6,0,18,58,3878,13,12,8,1,1,1,8,1,1,1,1,9
Bangalore Bazaar,12.974002,77.613458,45,0,24,4,114,2,51,240,6166,57,50,33,3,3,3,36,3,3,3,3,38
Bangalore International Airport,12.974002,77.613458,41,1,18,1,40,6,13,120,1291,28,25,16,2,2,2,18,2,2,2,2,19
Bangalore Sub Foreign Post,12.974002,77.613458,36,8,45,5,38,0,52,184,5526,43,38,25,3,3,3,27,3,3,3,3,29
Bellandur,12.926464,77.678116,8,0,19,3,56,0,29,115,3502,27,24,16,1,1,1,17,1,1,1,1,18
Benson Town,13.002461,77.603232,63,0,21,14,266,24,140,528,5549,126,110,73,8,8,8,79,8,8,8,8,84
Bhattarahalli,13.588589,76.46593,13,0,15,0,18,0,50,96,2529,22,19,13,1,1,1,14,1,1,1,1,15
Bidrahalli,16.360141,74.513939,24,3,23,2,126,12,31,221,2514,52,46,30,3,3,3,33,3,3,3,3,35
BSF Campus Yelahanka,13.099632,77.597532,40,0,54,0,95,21,236,446,4866,106,93,62,6,6,6,66,6,6,6,6,71
Byatarayanapura,13.0582,77.593763,0,0,1,1,8,0,0,10,1652,2,1,1,0,0,0,1,0,0,0,0,1
C.V.Raman Nagar,12.984577,77.661029,886,128,1253,85,1123,27,1583,5085,5586,1220,1067,711,73,73,73,762,73,73,73,73,813
CMM Court Complex,30.15387,76.20255,6,0,66,3,250,0,55,380,3165,91,79,53,5,5,5,57,5,5,5,5,60
CMP Centre And School,12.958637,77.61112,27,1,106,41,75,0,0,250,4826,60,52,34,3,3,3,37,3,3,3,3,40
CRPF Campus Yelahanka,13.099632,77.597532,44,18,78,18,196,21,228,603,1125,144,126,84,9,9,9,90,9,9,9,9,96
Devanagundi,12.974114,77.839179,29,2,16,1,120,56,207,431,1951,103,90,60,6,6,6,64,6,6,6,6,68
Devasandra,13.006112,77.695229,16,2,0,1,13,0,37,69,2253,16,14,9,1,1,1,10,1,1,1,1,10
Doddagubbi,13.071029,77.67168,51,0,19,8,95,0,14,187,2457,44,39,26,3,3,3,28,3,3,3,3,29
Doddanekkundi,12.963826,77.691294,9,0,15,10,88,14,126,262,976,62,54,36,4,4,4,39,4,4,4,4,41
Domlur,12.961185,77.637632,90,0,89,4,203,3,279,668,1534,160,139,93,10,10,10,100,10,10,10,10,106
Doorvaninagar,13.013414,76.133981,119,0,86,12,164,9,154,544,3951,130,114,76,8,8,8,81,8,8,8,8,86
Dr. Ambedkar Veedhi,12.976677,77.590123,4,0,24,3,12,0,3,46,4796,10,9,6,1,1,1,6,1,1,1,1,7
Dr. Shivarama Karanth Nagar,27.423787,77.097581,0,0,0,0,0,0,1,1,2490,0,0,0,0,0,0,0,0,0,0,0,0
EPIP,26.782751,75.837938,10,13,40,10,28,0,73,174,2440,41,36,24,2,2,2,26,2,2,2,2,27
Fraser Town,25.609937,85.137639,66,1,88,1,288,21,276,741,4855,177,155,103,11,11,11,111,11,11,11,11,118
G.K.V.K.,17.92149,77.50988,7,0,1,0,3,0,1,12,6031,2,2,1,0,0,0,1,0,0,0,0,1
Gunjur,12.919504,77.736163,33,11,11,1,8,1,1,66,3509,15,13,9,1,1,1,9,1,1,1,1,10
H.A. Farm,12.335343,76.664747,7,0,3,9,110,2,10,141,5601,33,29,19,2,2,2,21,2,2,2,2,22
H.A.L II Stage,13.087924,77.550897,0,0,1,1,4,0,0,6,2526,1,1,0,0,0,0,0,0,0,0,0,0
H.K.P. Road,12.2627,75.65486,65,0,90,3,383,4,314,859,5449,205,180,120,12,12,12,128,12,12,12,12,137
Hebbal Kempapura,13.044227,77.605586,116,2,175,4,167,10,47,521,2763,124,109,72,7,7,7,78,7,7,7,7,83
HighCourt,22.567762,88.343017,0,0,0,0,0,0,0,0,822,0,0,0,0,0,0,0,0,0,0,0,0
Hoodi,12.992015,77.718137,78,0,60,5,263,3,362,771,918,184,161,107,11,11,11,115,11,11,11,11,123
Horamavu,13.025244,77.659695,191,4,106,7,179,0,242,729,6592,174,153,102,10,10,10,109,10,10,10,10,116
Hulsur Bazaar,20.25696,75.767804,24,3,8,1,36,0,13,85,2804,20,17,11,1,1,1,12,1,1,1,1,13
Indiranagar,23.849304,91.300582,22,0,92,20,72,0,0,206,2573,49,43,28,3,3,3,30,3,3,3,3,32
ISRO Anthariksha Bhavan,14.908269,78.011118,24,21,76,14,121,7,333,596,997,142,124,83,9,9,9,89,9,9,9,9,95
J.C.Nagar,27.423787,77.097581,27,6,62,3,38,2,102,240,2321,57,50,33,3,3,3,36,3,3,3,3,38
Jakkur,13.080197,77.616858,13,3,19,0,23,8,16,82,1152,19,16,11,1,1,1,12,1,1,1,1,12
Jalavayuvihar,9.92572,76.25988,3,0,26,7,18,0,36,90,2034,21,18,12,1,1,1,13,1,1,1,1,14
Jayamahal Road,13.013593,77.588086,51,0,8,0,140,19,123,341,5217,81,71,47,5,5,5,51,5,5,5,5,54
Jeevanbhimanagar,12.778136,75.215772,12,0,9,0,5,8,3,37,6554,8,7,4,1,1,1,5,1,1,1,1,5
Kadugodi Extention,12.998399,77.758624,2,0,0,0,0,0,0,2,6066,0,0,0,0,0,0,0,0,0,0,0,0
Kadugodi,12.998399,77.758624,8,0,9,1,5,0,2,25,2371,6,4,3,0,0,0,3,0,0,0,0,4
Kalkunte,14.310333,76.268269,9,0,40,5,160,1,79,294,2592,70,61,40,4,4,4,44,4,4,4,4,46
Kalyananagar,12.925376,80.10752,49,0,59,1,81,4,61,255,6675,61,53,35,4,4,4,38,4,4,4,4,40
Kannamangala,13.027413,77.76972,55,0,45,3,58,1,40,202,5785,48,42,28,3,3,3,30,3,3,3,3,32
Kodigehalli,13.056222,77.576593,16,30,97,18,101,4,293,559,6391,133,117,78,8,8,8,83,8,8,8,8,89
Kothanur,11.643863,78.0848,1560,19,1354,89,1868,53,620,5563,4428,1335,1168,778,79,79,79,834,79,79,79,79,890
Krishnarajapuram R S,10.993148,78.325189,24,0,32,1,97,6,75,235,4962,56,49,32,3,3,3,35,3,3,3,3,37
Krishnarajapuram,10.993148,78.325189,33,30,28,15,104,3,292,505,4505,121,105,70,7,7,7,75,7,7,7,7,80
Kundalahalli,12.970258,77.720178,13,0,5,12,74,1,19,124,4112,29,25,17,2,2,2,18,2,2,2,2,19
Legislators Home,23.719714,92.718444,26,4,53,9,88,1,145,326,2493,78,68,45,5,5,5,48,5,5,5,5,52
Lingarajapuram,13.008379,77.623262,59,9,234,8,70,0,597,977,1628,234,204,136,14,14,14,146,14,14,14,14,156
Mahadevapura,12.990723,77.68741,38,0,84,11,74,1,78,286,5290,68,60,40,4,4,4,42,4,4,4,4,45
Mahatma Gandhi Road,26.331112,90.668958,126,1,99,10,269,11,201,717,2958,171,150,100,10,10,10,107,10,10,10,10,114
Marathahalli Colony,12.956868,77.70051,23,0,11,0,19,4,14,71,5296,16,14,9,1,1,1,10,1,1,1,1,11
Maruthi Sevanagar,26.227681,78.172725,36,0,229,62,0,0,137,464,1666,111,97,64,7,7,7,69,7,7,7,7,74
Medimallasandra,12.952112,77.830203,23,0,24,21,18,0,5,91,2458,21,18,12,1,1,1,13,1,1,1,1,14
Mundur,10.597768,76.148994,40,2,148,30,112,0,108,440,1089,105,92,61,6,6,6,66,6,6,6,6,70
Museum Road,26.845045,80.953196,20,10,17,4,49,0,58,158,4509,37,33,22,2,2,2,23,2,2,2,2,25
Muthusandra,12.764487,77.745274,154,5,57,57,583,380,1495,2731,4727,655,573,382,39,39,39,409,39,39,39,39,436
Naduvathi,13.005796,77.797827,10,0,9,0,13,24,8,64,3706,15,13,8,1,1,1,9,1,1,1,1,10
NAL,25.624763,72.325637,6,0,25,0,19,3,212,265,2327,63,55,36,4,4,4,39,4,4,4,4,42
New Thippasandra,12.972264,77.652664,0,0,0,0,0,0,0,0,2396,0,0,0,0,0,0,0,0,0,0,0,0
P&T Col. Kavalbyrasandra,19.083791,73.009505,32,15,57,12,325,8,276,725,4077,174,151,101,10,10,10,108,10,10,10,10,116
Panathur,12.936355,77.705013,8,0,12,0,18,2,10,50,1310,12,10,6,1,1,1,7,1,1,1,1,8
R T Nagar,27.423787,77.097581,3,0,11,0,12,0,72,98,6178,23,20,13,1,1,1,14,1,1,1,1,15
R.M.V. Extension II Stage,13.013485,77.576883,53,10,176,5,161,13,292,710,3852,170,148,99,10,10,10,106,10,10,10,10,113
Rajanakunte,13.174795,77.563231,8,0,21,0,8,1,58,96,4291,22,19,13,1,1,1,14,1,1,1,1,15
Rajbhavan,17.41963,78.460117,28,0,24,4,66,5,14,141,4298,33,29,19,2,2,2,21,2,2,2,2,22
Ramamurthy Nagar,27.423787,77.097581,36,0,21,0,57,5,14,133,4712,31,27,18,2,2,2,19,2,2,2,2,21
Rameshnagar,16.987374,73.328368,1,0,0,0,10,0,0,11,1741,2,1,1,0,0,0,1,0,0,0,0,1
Richmond Town,12.965677,77.602786,60,10,72,4,83,1,216,446,5066,106,93,62,6,6,6,66,6,6,6,6,71
Sadashivanagar,12.99275,74.79733,18,0,44,3,27,4,106,202,4097,48,42,28,3,3,3,30,3,3,3,3,32
Sahakaranagar P.O,13.063546,77.588728,89,0,65,8,0,0,58,220,5359,52,46,30,3,3,3,33,3,3,3,3,35
Samethanahalli,12.9795,77.791052,1,0,3,0,0,0,2,6,794,1,1,0,0,0,0,0,0,0,0,0,0
Singanayakanahalli,13.147968,77.567201,21,6,46,45,1,0,95,214,3088,51,44,29,3,3,3,32,3,3,3,3,34
Sivan Chetty Gardens,8.518454,76.97817,0,1,0,0,3,0,0,4,4753,0,0,0,0,0,0,0,0,0,0,0,0
St. Thomas Town,13.00572,77.620799,3,1,14,1,33,10,4,66,4076,15,13,9,1,1,1,9,1,1,1,1,10
Training Command IAF,12.912459,80.145366,32,2,12,6,21,0,102,175,2337,42,36,24,2,2,2,26,2,2,2,2,28
Vartur,22.08836,88.13636,57,5,421,78,206,0,528,1295,1631,310,271,181,18,18,18,194,18,18,18,18,207
Vasanthanagar,8.703936,77.730206,112,7,125,1,226,8,84,563,797,135,118,78,8,8,8,84,8,8,8,8,90
Venkateshapura,13.654098,77.075205,158,67,399,19,434,1,911,1989,2650,477,417,278,28,28,28,298,28,28,28,28,318
Vidhana Soudha,12.979712,77.590659,154,14,126,0,301,28,242,865,6572,207,181,120,12,12,12,129,12,12,12,12,138
Vimanapura,12.964864,77.675173,69,163,395,57,80,2,1553,2319,5683,556,486,324,33,33,33,347,33,33,33,33,370
Virgonagar,13.045346,77.738507,80,13,76,7,80,16,217,489,5239,117,102,68,7,7,7,73,7,7,7,7,78
Viveknagar,29.790123,76.39879,266,0,466,17,705,66,379,1899,3152,455,398,265,27,27,27,284,27,27,27,27,303
Whitefield,12.976871,77.727551,43,25,136,10,28,0,503,745,5739,178,156,104,11,11,11,111,11,11,11,11,119
Yelahanka,13.099632,77.597532,48,0,74,4,74,1,9,210,2784,50,43,29,3,3,3,31,3,3,3,3,33
Yelahanka Satellite Town,13.100148,77.580149,17,0,62,0,25,2,30,136,4061,32,28,18,2,2,2,20,2,2,2,2,21
Bangalore,12.974002,77.613458,6,3,72,0,85,20,12,198,6118,47,41,27,3,3,3,29,3,3,3,3,31
Adugodi,12.943582,77.607899,2,0,3,0,0,0,0,5,6319,1,0,0,0,0,0,0,0,0,0,0,0
Agara,12.61946,77.479462,1,1,40,3,3,2,20,70,1047,16,14,9,1,1,1,10,1,1,1,1,11
Anjanapura,12.987687,77.487935,158,5,105,29,255,9,380,941,955,225,197,131,13,13,13,141,13,13,13,13,150
Ashoknagar,24.577289,77.731931,4,0,2,0,1,0,0,7,5775,1,1,0,0,0,0,1,0,0,0,0,0
B Sk II Stage,27.329037,88.612444,10,0,60,0,32,0,163,265,2841,63,55,36,4,4,4,39,4,4,4,4,42
Banashankari III Stage,12.942231,77.548525,17,1,70,10,67,1,43,209,2881,49,43,29,3,3,3,31,3,3,3,3,33
Banashankari,15.879084,74.539064,15,0,32,13,106,1,57,224,5629,53,46,31,3,3,3,33,3,3,3,3,35
Bangalore Corporation Building,12.974818,77.574978,181,0,170,5,508,28,211,1103,6318,264,231,154,16,16,16,165,16,16,16,16,176
Bannerghatta Road,12.809378,77.588705,2199,46,4301,122,5367,1492,3521,17048,4108,4091,3579,2386,244,244,244,2557,244,244,244,244,2727
Bannerghatta,12.813511,77.578409,20,0,57,17,107,2,27,230,4646,55,48,32,3,3,3,34,3,3,3,3,36
Basavanagudi,13.944898,75.577069,17,0,25,3,16,0,36,97,5030,22,19,13,2,2,2,14,2,2,2,2,15
Begur,12.877455,77.625702,503,3,1569,12,1164,73,4133,7457,4042,1789,1565,1043,107,107,107,1118,107,107,107,107,1192
Bnagalore Viswavidalaya,12.887738,77.64119,28,0,35,0,35,0,48,146,4727,34,30,20,2,2,2,21,2,2,2,2,23
Bolare,12.779763,76.920774,1070,105,2336,243,1886,90,3525,9255,3222,2221,1943,1295,132,132,132,1388,132,132,132,132,1480
Bommanahalli,12.903821,77.625191,5,1,32,7,19,4,13,81,1580,19,16,11,1,1,1,12,1,1,1,1,12
Bommasandra Industrial Estate,12.817049,77.690203,46,12,128,4,96,4,78,368,5765,88,76,51,5,5,5,55,5,5,5,5,58
Carmelram,12.907547,77.695532,91,0,112,19,184,33,112,551,3696,132,115,76,8,8,8,82,8,8,8,8,88
Chamrajpet,12.942551,78.272902,26,7,7,2,22,0,46,110,3092,26,22,15,2,2,2,16,2,2,2,2,17
Chandapura,12.106462,75.291718,421,29,1335,65,1163,20,1900,4933,2107,1183,1035,690,71,71,71,739,71,71,71,71,789
Chandapura,12.106462,75.291718,0,0,8,0,26,7,3,44,3284,10,9,6,1,1,1,6,1,1,1,1,6
Chickpet,14.224829,76.397974,0,0,0,0,0,0,0,0,4532,0,0,0,0,0,0,0,0,0,0,0,0
Chikkalasandra,12.90884,77.549113,30,0,107,1,106,7,203,454,5723,108,94,63,7,7,7,68,7,7,7,7,72
Chudenapura,12.899154,77.487312,68,29,79,14,53,0,129,372,6261,88,78,52,5,5,5,55,5,5,5,5,59
Dasarahalli(Srinagar),34.096743,74.819956,17,5,24,1,28,0,49,124,2845,29,25,17,2,2,2,18,2,2,2,2,19
Deepanjalinagar,12.948028,77.534891,52,2,48,5,58,3,168,336,6050,80,70,46,5,5,5,50,5,5,5,5,53
Dharmaram College,18.304727,79.488492,9,0,39,0,67,0,6,121,4459,28,25,16,2,2,2,18,2,2,2,2,19
Doddakallasandra,12.882315,77.557007,11,0,30,0,31,1,29,102,2754,24,21,14,1,1,1,15,1,1,1,1,16
Electronics City,23.166621,85.586623,3,0,0,0,3,0,0,6,4311,1,1,0,0,0,0,0,0,0,0,0,0
Gaviopuram Extension,11.012572,77.006013,53,2,26,11,196,123,181,592,2603,141,124,82,9,9,9,88,9,9,9,9,94
Girinagar,15.426311,75.007939,0,0,0,0,0,0,0,0,2640,0,0,0,0,0,0,0,0,0,0,0,0
Gottigere,12.85888,77.589142,14,0,48,0,49,7,10,128,4754,30,26,17,2,2,2,19,2,2,2,2,20
Governmemnt Electric Factory,12.987076,78.167228,15,3,3,0,43,17,24,105,5720,25,21,14,2,2,2,15,2,2,2,2,16
Haragadde,12.7637,77.655267,40,0,128,47,71,0,0,286,5822,68,60,40,4,4,4,42,4,4,4,4,45
Hennagara,12.788199,77.672756,61,0,54,12,72,0,40,239,3701,57,49,33,3,3,3,35,3,3,3,3,38
HSR Layout,12.911819,77.64416,128,9,313,24,123,0,371,968,931,232,202,135,14,14,14,145,14,14,14,14,154
Hulimangala,12.819291,77.638514,73,0,94,12,315,9,85,588,5717,141,123,82,8,8,8,88,8,8,8,8,94
Hulimavu,12.877199,77.595346,22,0,25,1,91,3,65,207,1343,49,43,28,3,3,3,31,3,3,3,3,32
Hulimavu,12.877199,77.595346,33,3,32,2,36,0,37,143,2584,34,30,20,2,2,2,21,2,2,2,2,22
Huskur,12.861299,77.706789,38,1,15,0,207,7,97,365,3035,87,76,50,5,5,5,54,5,5,5,5,58
J P Nagar,27.423787,77.097581,81,6,42,14,44,0,237,424,5915,101,88,59,6,6,6,63,6,6,6,6,67
Jayanagar,13.944957,75.574502,0,0,0,0,0,0,0,0,6483,0,0,0,0,0,0,0,0,0,0,0,0
Jayanagar West,28.628375,77.074996,56,11,167,5,120,0,292,651,2013,156,136,90,9,9,9,97,9,9,9,9,104
Jayangar III Block,28.621024,77.114464,50,4,81,23,0,0,60,218,3906,52,45,30,3,3,3,32,3,3,3,3,34
Jigani,12.780238,77.632492,64,0,69,8,59,0,224,424,5546,101,88,59,6,6,6,63,6,6,6,6,67
JP Nagar III Phase,27.423787,77.097581,57,6,87,7,83,0,152,392,4970,93,82,54,6,6,6,58,6,6,6,6,62
JP Nagar VIII phase,27.423787,77.097581,46,3,34,13,26,4,48,174,4949,41,36,24,2,2,2,26,2,2,2,2,27
Kagalipura,12.277614,76.893228,13,6,49,4,234,33,514,853,725,204,178,119,12,12,12,127,12,12,12,12,136
Kalkere,13.034843,77.673824,49,0,43,0,86,9,4,191,1037,45,39,26,3,3,3,28,3,3,3,3,30
Kallubalu,12.772033,77.62325,135,0,249,2,226,13,51,676,5677,162,141,94,10,10,10,101,10,10,10,10,108
Kathriguppe,12.915901,77.766263,283,10,336,54,318,12,407,1420,5545,340,298,198,20,20,20,213,20,20,20,20,227
Kengeri,12.91376,77.486032,55,0,81,25,112,0,0,273,2605,65,57,38,4,4,4,40,4,4,4,4,43
Konanakunte,12.886524,77.566299,84,18,62,3,238,0,691,1096,6384,262,229,153,16,16,16,164,16,16,16,16,175
Koramangala I Block,22.625216,75.792756,22,1,32,10,140,0,134,339,5600,81,70,47,5,5,5,50,5,5,5,5,54
Koramangala,12.935264,77.624685,3,0,0,0,0,1,0,4,3264,0,0,0,0,0,0,0,0,0,0,0,0
Koramangala VI Bk,12.923549,77.618994,12,0,6,0,12,0,19,49,3491,11,10,6,1,1,1,7,1,1,1,1,7
Kumaraswamy Layout,12.90806,77.56094,44,1,30,0,48,1,43,167,4653,39,34,23,2,2,2,25,2,2,2,2,26
Kumbalagodu,12.88307,77.447798,48,1,10,0,201,13,154,427,6018,102,89,59,6,6,6,64,6,6,6,6,68
Kumbalgodu Gollahalli,12.829183,77.666357,12,0,25,3,52,0,39,131,1540,31,27,18,2,2,2,19,2,2,2,2,20
Madhavan Park,12.936111,77.585556,9,0,8,0,10,0,2,29,5732,6,6,4,0,0,0,4,0,0,0,0,4
Madivala,12.925618,77.615403,7,0,10,2,8,0,4,31,4615,7,6,4,0,0,0,4,0,0,0,0,4
Mallathahalli,12.956532,77.502492,16,0,8,1,30,3,70,128,5798,30,26,17,2,2,2,19,2,2,2,2,20
Mavalli,12.952958,77.580249,104,3,7,0,144,6,109,373,962,89,78,52,5,5,5,55,5,5,5,5,59
Mico Layout,12.913629,77.604813,57,0,8,0,147,8,130,350,5798,84,73,48,5,5,5,52,5,5,5,5,56
Mount St Joseph,27.462983,88.550046,13,0,34,0,43,0,13,103,3768,24,21,14,1,1,1,15,1,1,1,1,16
Muthanallur,12.832339,77.735258,16,0,75,28,43,0,47,209,3786,49,43,29,3,3,3,31,3,3,3,3,33
Nayandahalli,12.937313,77.520355,63,121,177,15,131,4,640,1151,692,276,241,160,16,16,16,172,16,16,16,16,184
Padmanabhnagar,8.245768,77.319474,65,2,57,6,71,0,57,258,2695,61,54,36,4,4,4,38,4,4,4,4,41
Pampamahakavi Road,22.61373,88.41263,34,0,11,5,191,91,282,614,3704,147,128,85,9,9,9,92,9,9,9,9,98
Ragihalli,12.73883,77.574827,0,0,2,0,0,0,0,2,3841,0,0,0,0,0,0,0,0,0,0,0,0
Rajarajeshwarinagar,12.289947,76.605612,1027,206,684,174,4616,2200,6121,15028,1756,3606,3155,2103,215,215,215,2254,215,215,215,215,2404
Ramohalli,12.906403,77.418167,70,1,89,10,165,4,42,381,1393,91,79,53,5,5,5,57,5,5,5,5,60
Rv Niketan,12.92474,77.499321,296,21,1071,6,1343,175,400,3312,6802,794,695,463,47,47,47,496,47,47,47,47,529
Sakalavara,12.835547,77.589884,1,0,4,0,11,0,0,16,6632,3,3,2,0,0,0,2,0,0,0,0,2
Sampangiramnagar,12.966518,77.592448,4,0,13,2,10,4,9,42,5321,9,8,5,1,1,1,6,1,1,1,1,6
Shanthinagar,14.708269,76.849435,44,5,150,18,160,0,0,377,5550,90,78,52,5,5,5,56,5,5,5,5,60
Singasandra,12.878402,77.647047,41,10,99,1,77,7,114,349,866,83,73,48,5,5,5,52,5,5,5,5,55
Somanhalli,13.218822,77.495295,0,0,0,0,0,0,0,0,6283,0,0,0,0,0,0,0,0,0,0,0,0
St. John's Medical College,8.522625,76.929218,54,3,79,20,112,6,42,316,1158,75,66,44,4,4,4,47,4,4,4,4,50
State Bank Of Mysore Colony,12.331143,76.662427,77,0,112,10,136,20,217,572,6689,136,120,80,8,8,8,85,8,8,8,8,91
Subramanyapura,12.902043,77.523601,5,0,0,0,5,0,0,10,1432,2,1,1,0,0,0,1,0,0,0,0,1
Sulikere,12.939293,77.447766,54,6,277,14,190,2,193,736,5998,176,154,102,11,11,11,110,11,11,11,11,117
Taralu,12.772336,77.530115,0,0,1,1,8,0,0,10,3491,2,1,1,0,0,0,1,0,0,0,0,1
Tavarekere,12.963923,77.399314,2,0,6,0,2,0,0,10,3681,2,1,1,0,0,0,1,0,0,0,0,1
Thalaghattapura,12.868193,77.535384,9,0,34,0,120,6,6,175,1605,42,36,24,2,2,2,26,2,2,2,2,28
Thataguni,12.848758,77.521828,14,3,9,1,14,2,11,54,6047,12,10,7,1,1,1,8,1,1,1,1,8
Thattekuppe,12.772432,77.530751,102,0,23,4,94,2,19,244,5145,58,51,34,3,3,3,36,3,3,3,3,38
Thyagarajnagar,13.555277,76.010597,6,0,3,0,7,0,3,19,5770,4,3,2,0,0,0,2,0,0,0,0,2
Tilaknagar,17.134065,79.633623,50,86,72,4,57,5,514,788,1419,189,165,110,11,11,11,118,11,11,11,11,126
Tyagrajnagar,23.425022,72.649025,59,3,164,22,127,0,167,542,4096,129,113,75,8,8,8,81,8,8,8,8,86
Udaypura,23.591236,80.049017,32,1,44,8,74,1,44,204,1296,48,42,28,3,3,3,30,3,3,3,3,32
Ullalu Upanagar,16.203687,73.771543,15,0,10,0,25,1,2,53,4644,12,10,7,1,1,1,7,1,1,1,1,8
Wilson Garden,12.954177,77.591334,30,0,34,12,206,4,127,413,4254,99,86,57,6,6,6,61,6,6,6,6,66
Wipro Limited,17.4368,78.298874,18,5,62,10,47,0,86,228,1563,54,47,31,3,3,3,34,3,3,3,3,36
Yelachenahalli,12.897154,77.571007,83,23,95,8,123,0,257,589,6603,141,123,82,8,8,8,88,8,8,8,8,94
Achitnagar,13.089372,77.485731,29,10,222,73,1,0,58,393,5746,94,82,54,6,6,6,58,6,6,6,6,62
Bagalgunte,16.18604,75.703518,27,0,55,10,368,2,187,649,752,155,136,90,9,9,9,97,9,9,9,9,103
Bangalore City,12.974002,77.613458,9,0,13,4,53,0,39,118,4948,28,24,16,2,2,2,17,2,2,2,2,18
Bangalore Dist Offices Bldg,12.974002,77.613458,47,5,28,6,119,21,214,440,3494,105,92,61,6,6,6,66,6,6,6,6,70
Bapagrama,12.998144,77.457981,24,0,29,3,44,2,12,114,1079,27,23,15,2,2,2,17,2,2,2,2,18
Basaveshwaranagar,15.153972,76.943508,4,0,0,0,2,0,0,6,2834,1,1,0,0,0,0,0,0,0,0,0,0
Byatha,13.181231,77.489627,88,19,236,37,115,0,163,658,4199,157,138,92,9,9,9,98,9,9,9,9,105
Chandra Lay Out,13.072618,80.201275,172,1,373,14,400,80,285,1325,3261,318,277,185,19,19,19,198,19,19,19,19,212
Chikkabanavara,13.080229,77.50301,33,2,24,3,94,68,245,469,1914,112,98,65,7,7,7,70,7,7,7,7,74
Chikkabidarkal,13.052767,77.484992,1,8,24,13,17,0,28,91,4798,21,18,12,1,1,1,13,1,1,1,1,14
Gayathrinagar,14.418172,79.960819,59,4,49,5,20,0,17,154,756,36,31,21,2,2,2,23,2,2,2,2,24
Hampinagar,12.962606,77.540696,30,16,137,23,318,9,1201,1734,4329,415,363,242,25,25,25,260,25,25,25,25,277
Herohalli,12.985601,77.485269,21,0,136,41,0,0,38,236,5656,56,49,32,3,3,3,35,3,3,3,3,37
Hessarghatta Lake,29.09515,76.3563,45,0,85,18,123,0,78,349,3696,83,73,48,5,5,5,52,5,5,5,5,55
Hessarghatta,13.138468,77.47863,3,0,2,0,4,0,2,11,2866,2,1,1,0,0,0,1,0,0,0,0,1
Industrial Estate,29.315785,76.291884,7,0,2,0,49,0,21,79,3465,18,16,10,1,1,1,11,1,1,1,1,12
Jalahalli East,27.337503,88.614914,30,0,17,6,0,0,82,135,2579,32,28,18,2,2,2,20,2,2,2,2,21
Jalahalli,13.050571,77.542423,0,0,0,0,0,0,0,0,3834,0,0,0,0,0,0,0,0,0,0,0,0
Jalahalli West,28.628375,77.074996,1,0,6,0,4,2,2,15,5620,3,3,2,0,0,0,2,0,0,0,0,2
K H B Colony,17.866858,76.949326,0,0,0,0,0,0,0,0,3795,0,0,0,0,0,0,0,0,0,0,0,0
K. G. Road,12.923393,77.520166,0,0,0,0,0,0,0,0,4615,0,0,0,0,0,0,0,0,0,0,0,0
Kakolu,13.188544,77.508728,45,0,42,1,105,2,62,257,3760,61,53,35,4,4,4,38,4,4,4,4,40
Kamakshipalya,12.989145,77.52012,33,7,185,23,30,0,117,395,3366,94,82,55,6,6,6,59,6,6,6,6,63
Kodigehalli,13.056222,77.576593,14,0,63,26,6,0,82,191,5874,45,39,26,3,3,3,28,3,3,3,3,30
Kodigehalli,13.056222,77.576593,29,0,38,0,84,5,25,181,1524,43,37,25,3,3,3,27,3,3,3,3,28
Laggere,13.008538,77.521902,44,15,138,7,117,3,295,619,4983,148,129,86,9,9,9,92,9,9,9,9,98
Magadi Road,12.952677,77.228238,17,0,81,0,39,0,180,317,5287,75,66,44,5,5,5,47,5,5,5,5,50
Mahalakshmipuram Layout,13.005832,77.542339,5,0,2,1,3,0,8,19,3419,4,3,2,0,0,0,2,0,0,0,0,2
Malleswaram,16.354392,81.229283,55,75,172,21,247,0,707,1277,5054,306,267,178,18,18,18,191,18,18,18,18,204
Malleswaram West,28.628375,77.074996,8,0,48,0,17,2,131,206,2951,49,43,28,3,3,3,30,3,3,3,3,32
Mathikere,13.035619,77.557329,9,1,7,0,0,0,0,17,3582,3,3,2,0,0,0,2,0,0,0,0,2
Msrit,13.029893,77.564054,52,0,7,0,218,19,195,491,2911,117,102,68,7,7,7,73,7,7,7,7,78
Nagarbhavi,12.957137,77.515273,5,0,7,0,34,1,1,48,2995,11,9,6,1,1,1,7,1,1,1,1,7
Nagasandra,13.048234,77.497579,6,0,5,0,20,1,0,32,5238,7,6,4,1,1,1,4,1,1,1,1,4
Nandinilayout,13.009279,77.537628,104,19,25,13,574,150,522,1407,4715,337,295,196,20,20,20,211,20,20,20,20,224
Nelakadiranahalli,13.031128,77.506452,95,45,328,19,105,0,890,1482,3922,355,310,207,21,21,21,222,21,21,21,21,236
Palace Guttahalli,12.999183,77.578975,96,0,146,10,108,0,512,872,6005,208,183,122,12,12,12,130,12,12,12,12,139
Peenya Dasarahalli,13.026485,77.520397,27,2,41,8,25,0,43,146,5642,34,30,20,2,2,2,21,2,2,2,2,23
Peenya I Stage,13.026485,77.520397,5,0,2,0,8,0,0,15,3675,3,3,2,0,0,0,2,0,0,0,0,2
Peenya Small Industries,13.03368,77.525388,6,0,0,0,2,0,3,11,5657,2,1,1,0,0,0,1,0,0,0,0,1
Rajajinagar,15.433512,76.523966,4144,13,5096,268,11713,1119,7640,29993,1241,7198,6298,4198,429,429,429,4498,429,429,429,429,4798
Rajajinagar IVth Block,15.433512,76.523966,44,7,265,7,72,0,156,551,4748,132,115,76,8,8,8,82,8,8,8,8,88
Science Institute,22.736271,75.880242,22,2,79,11,27,0,13,154,5414,36,31,21,2,2,2,23,2,2,2,2,24
Seshadripuram,12.988297,77.577742,1733,499,5039,216,4293,111,11225,23116,4218,5547,4854,3236,330,330,330,3467,330,330,330,330,3698
Shivakote,13.134098,77.513487,0,0,7,1,3,0,7,18,2506,4,3,2,0,0,0,2,0,0,0,0,2
Silvepura,13.114125,77.50219,4,0,6,0,4,0,1,15,3417,3,3,2,0,0,0,2,0,0,0,0,2
Sri Chowdeshwari,13.021652,77.023908,22,1,96,0,41,3,99,262,1378,62,54,36,4,4,4,39,4,4,4,4,41
Srirampuram,12.990076,77.565258,7,1,14,1,47,0,36,106,5469,25,22,14,2,2,2,15,2,2,2,2,16
Swimming Pool Extn,28.70467,77.422543,31,0,158,36,115,0,251,591,1131,141,123,82,9,9,9,88,9,9,9,9,94
Tarabanahalli,13.100967,77.480717,20,3,79,12,0,0,42,156,5895,37,32,21,2,2,2,23,2,2,2,2,24
Vidyaranyapura,13.077238,77.558381,8,0,26,0,45,0,4,83,3587,19,17,11,1,1,1,12,1,1,1,1,13
Vijayanagar East,27.337503,88.614914,2251,137,2587,356,6499,472,3605,15907,1160,3817,3340,2226,227,227,227,2386,227,227,227,227,2544
Vijayanagar,12.327291,76.608728,33,0,111,24,62,0,86,316,2805,75,66,44,4,4,4,47,4,4,4,4,50
Viswaneedam,12.992315,77.485555,0,0,0,0,1,0,1,2,4843,0,0,0,0,0,0,0,0,0,0,0,0
Vyalikaval Extn,13.003927,77.578637,8,0,27,1,34,4,104,178,5723,42,37,24,3,3,3,26,3,3,3,3,28
West of Chord Road II stage,12.999662,77.549789,34,9,86,10,78,0,115,332,3112,79,69,46,5,5,5,49,5,5,5,5,52
Yeshwanthpur Bazar,13.025012,77.547198,25,4,15,7,68,2,196,317,1413,75,66,44,5,5,5,47,5,5,5,5,50
Yeswanthpura,13.015085,77.559799,24,34,134,30,0,0,71,293,4591,70,61,40,4,4,4,43,4,4,4,4,46
Abbur,12.333485,76.108943,315,3,652,28,536,180,563,2277,3874,546,477,318,33,33,33,341,33,33,33,33,364
Achalu,12.477093,77.363635,25,0,70,16,31,0,0,142,3280,33,29,19,2,2,2,21,2,2,2,2,22
Adarangi,13.1212,77.190415,4,0,8,0,23,0,28,63,3574,15,13,8,1,1,1,9,1,1,1,1,10
Agalakote,12.907179,77.168747,60,0,68,27,134,0,123,412,1337,98,86,57,6,6,6,61,6,6,6,6,65
Ajjanahalli,12.919267,77.382292,48,3,160,2,173,14,114,514,5507,123,107,71,7,7,7,77,7,7,7,7,82
Akkur,12.717137,77.290262,25,3,59,16,22,0,0,125,5502,30,25,17,2,2,2,18,2,2,2,2,20
Akkur,12.717137,77.290262,10,0,12,0,9,0,10,41,1908,9,8,5,1,1,1,6,1,1,1,1,6
Alahalli,17.033733,76.250407,104,0,163,9,202,25,89,592,3602,141,124,82,9,9,9,88,9,9,9,9,94
Alanatha,12.38137,77.51944,7,4,1,0,3,0,0,15,4665,3,3,2,0,0,0,2,0,0,0,0,2
Alurduddanahalli,13.272765,77.602698,10,3,28,15,10,1,38,105,1507,25,21,14,2,2,2,15,2,2,2,2,16
Aluru,18.444032,83.099966,109,4,200,22,189,1,321,846,5575,202,177,118,12,12,12,126,12,12,12,12,135
Ambadahalli,12.525352,77.190013,3,0,4,1,14,0,2,24,1212,5,4,3,0,0,0,3,0,0,0,0,3
Anekal,12.711165,77.693805,11,0,69,0,37,0,31,148,5876,35,30,20,2,2,2,22,2,2,2,2,23
Anjanapura,12.987687,77.487935,93,0,144,6,204,1,47,495,5782,118,103,69,7,7,7,74,7,7,7,7,79
Ankanahalli,12.459165,77.195552,1199,1551,3938,498,5069,455,20163,32873,5498,7889,6903,4602,470,470,470,4930,470,470,470,470,5259
Anneshwara,13.21299,77.71576,166,1,229,9,392,24,309,1130,6599,271,237,158,16,16,16,169,16,16,16,16,180
Antharahalli,13.354565,77.510484,37,44,155,17,0,0,52,305,787,73,63,42,4,4,4,45,4,4,4,4,48
Aradeshanahalli,13.231387,77.568716,36,21,74,1,72,0,332,536,6690,128,112,74,8,8,8,80,8,8,8,8,85
Arakere,12.887687,77.597158,3,0,4,0,14,0,1,22,777,4,4,2,0,0,0,3,0,0,0,0,3
Aralalasandra,12.579599,77.275891,1,0,0,0,0,0,0,1,1932,0,0,0,0,0,0,0,0,0,0,0,0
Arallumallige,13.287871,77.538954,1,0,0,0,9,0,2,12,2226,2,2,1,0,0,0,1,0,0,0,0,1
Arasinakunte,13.071323,77.423337,0,0,0,0,0,1,0,1,757,0,0,0,0,0,0,0,0,0,0,0,0
Arebommnahalli,16.211328,77.348212,123,18,167,9,184,1,792,1294,968,310,271,180,19,19,19,194,19,19,19,19,206
Arudi,19.836968,75.911293,59,0,243,1,152,2,595,1052,3221,252,220,147,15,15,15,157,15,15,15,15,168
Attibele,12.779295,77.766305,37,52,208,53,5,0,244,599,4185,143,125,83,9,9,9,89,9,9,9,9,95
Attihalli,12.503895,77.329742,59,0,46,0,122,3,82,312,5228,74,65,43,5,5,5,46,5,5,5,5,49
Attikuppe,12.677915,77.52868,101,0,54,5,104,6,94,364,2207,87,76,50,5,5,5,54,5,5,5,5,58
Attimagere,13.836149,76.369993,35,19,217,26,0,8,201,506,5903,121,106,70,7,7,7,75,7,7,7,7,80
Averahalli,13.163944,76.96753,45,25,134,32,148,0,87,471,6577,112,98,65,7,7,7,70,7,7,7,7,75
Bachenahatti,12.954251,77.303284,17,0,17,5,3,0,67,109,6028,25,22,15,2,2,2,16,2,2,2,2,17
Bagalur,13.133511,77.66889,48,0,9,0,153,23,135,368,4887,88,76,51,5,5,5,55,5,5,5,5,58
Baginigere,13.046456,77.117059,36,0,102,3,43,1,188,373,1849,89,78,52,5,5,5,55,5,5,5,5,59
Baktharahalli,13.33208,77.840143,88,3,50,1,108,12,50,312,2745,74,65,43,5,5,5,46,5,5,5,5,49
Banavadi,13.118499,77.25642,113,2,132,25,346,116,1606,2340,3508,561,491,327,33,33,33,351,33,33,33,33,374
Banavasi,12.641805,77.545193,8,0,26,7,63,0,97,201,2861,48,42,28,3,3,3,30,3,3,3,3,32
Bandikodigehalli,13.172189,77.689914,20,3,64,20,0,0,70,177,3400,42,36,24,3,3,3,26,3,3,3,3,28
Bannikuppe,12.469995,76.425951,40,0,81,3,159,0,193,476,1042,114,99,66,7,7,7,71,7,7,7,7,76
Bannimakodalu,12.477835,76.564679,87,0,140,22,130,20,143,542,5130,129,113,75,8,8,8,81,8,8,8,8,86
Baragenahalli,13.985157,76.270994,56,0,6,0,172,7,221,462,5950,110,96,64,7,7,7,69,7,7,7,7,73
Basettihalli,13.255863,77.555304,26,5,10,3,38,0,38,120,4388,28,25,16,2,2,2,18,2,2,2,2,19
Begur,12.877455,77.625702,84,0,62,1,167,16,61,391,3663,93,81,54,6,6,6,58,6,6,6,6,62
Bendiganahalli,13.068081,77.759814,10,8,20,0,10,1,9,58,3921,13,12,8,1,1,1,8,1,1,1,1,9
Bestamaranahalli,12.730134,77.7271,32,26,207,6,157,15,505,948,4238,227,198,132,14,14,14,142,14,14,14,14,151
Bettahalsur,13.161882,77.610001,7,6,50,36,52,0,11,162,4067,38,33,22,2,2,2,24,2,2,2,2,25
Bettakote,13.199514,77.741631,20,1,18,0,18,0,93,150,6788,36,31,20,2,2,2,22,2,2,2,2,24
Bevur,12.716826,77.125888,0,0,2,1,8,1,0,12,4511,2,2,1,0,0,0,1,0,0,0,0,1
Bidadi,12.7969,77.383935,1053,202,930,267,844,10,1654,4960,2395,1190,1041,694,71,71,71,744,71,71,71,71,793
Bidalur,13.19433,77.300888,15,0,17,2,47,0,30,111,2312,26,22,15,2,2,2,16,2,2,2,2,17
Bidaraguppe,12.805802,77.786161,108,3,68,14,208,3,86,490,2411,117,102,68,7,7,7,73,7,7,7,7,78
Bijjahalli,12.450358,77.543805,22,2,16,8,111,4,18,181,5477,43,37,25,3,3,3,27,3,3,3,3,28
Bijjawara,13.329304,77.744668,23,0,35,7,19,0,41,125,6765,30,25,17,2,2,2,18,2,2,2,2,20
Bilagumba,12.759572,77.256356,39,3,140,34,142,3,186,547,4458,130,114,76,8,8,8,82,8,8,8,8,87
Bilagumba,12.759572,77.256356,18,0,17,1,25,3,44,108,6392,25,22,14,2,2,2,16,2,2,2,2,17
Billanakote,13.196815,77.270178,6,0,4,1,20,0,0,31,4461,7,6,4,0,0,0,4,0,0,0,0,4
Biskur,22.244846,85.004736,88,3,68,11,45,0,325,540,701,129,113,75,8,8,8,81,8,8,8,8,86
Budigere,13.080119,77.736444,26,5,125,43,101,1,169,470,3257,112,98,65,7,7,7,70,7,7,7,7,75
Budihal,15.167558,75.851118,9,0,18,0,2,0,65,94,1029,22,19,12,1,1,1,14,1,1,1,1,14
Byagadadenahalli,12.752488,77.702416,86,0,106,2,176,121,137,628,5463,150,131,87,9,9,9,94,9,9,9,9,100
Bylakere,13.112626,77.524738,6,0,14,0,27,2,122,171,3570,40,35,23,3,3,3,25,3,3,3,3,27
Bylanarasapura,13.177819,77.935362,56,0,31,2,36,3,24,152,3383,36,31,21,2,2,2,22,2,2,2,2,24
Byramangala,12.748652,77.421765,35,0,13,0,39,2,6,95,2981,22,19,13,1,1,1,14,1,1,1,1,15
Chakarabhavi,10.904229,79.202741,210,345,298,41,255,18,1771,2938,4627,705,616,411,42,42,42,440,42,42,42,42,470
Chakkalur,12.594377,77.156452,6,0,10,0,34,9,11,70,3636,16,14,9,1,1,1,10,1,1,1,1,11
Chakkere,12.610249,77.170713,56,35,135,26,237,0,349,838,2503,201,175,117,12,12,12,125,12,12,12,12,134
Chamarajasagara,11.920629,76.940999,43,0,143,1,50,1,260,498,2643,119,104,69,7,7,7,74,7,7,7,7,79
Channapatna Bazar,12.652998,77.200376,8,0,3,0,3,0,11,25,1463,6,4,3,0,0,0,3,0,0,0,0,4
Channapatna,12.652998,77.200376,44,0,40,11,153,1,205,454,4437,108,94,63,7,7,7,68,7,7,7,7,72
Channarayapatna,12.907893,76.386772,35,0,24,6,69,7,200,341,958,81,71,47,5,5,5,51,5,5,5,5,54
Cheelur,12.646577,77.418654,41,31,99,20,82,0,108,381,3920,91,79,53,5,5,5,57,5,5,5,5,60
Chikkajala,13.172651,77.63648,28,0,13,0,38,2,10,91,1791,21,18,12,1,1,1,13,1,1,1,1,14
Chikkalahalli,12.432424,77.351383,179,0,110,20,292,0,366,967,4490,231,202,135,14,14,14,145,14,14,14,14,154
Chikkamuduvadi,12.6216,77.37553,173,3,145,35,418,8,173,955,3929,229,200,133,14,14,14,143,14,14,14,14,152
Chikkanahalli,12.71773,77.646473,50,85,116,21,99,5,965,1341,1660,321,281,187,19,19,19,201,19,19,19,19,214
Chunchanakuppe,12.909577,77.386681,19,0,74,0,35,2,204,334,2554,79,69,46,5,5,5,50,5,5,5,5,53
Dasanapura,13.075695,77.436605,10,19,38,7,0,0,18,92,4472,21,19,12,1,1,1,13,1,1,1,1,14
Devanahalli,13.245359,77.71287,54,7,22,4,16,0,111,214,4989,51,44,29,3,3,3,32,3,3,3,3,34
Devarahosahalli,13.62456,77.4998,38,0,144,2,101,0,73,358,6756,85,75,50,5,5,5,53,5,5,5,5,57
Dodballapura Bazar,21.255097,73.303908,35,0,66,33,177,0,61,372,2975,88,78,52,5,5,5,55,5,5,5,5,59
Dodballapura,13.299394,77.536689,32,1,28,4,48,0,23,136,2878,32,28,18,2,2,2,20,2,2,2,2,21
Doddabelavangala,13.288019,77.421631,62,0,7,0,178,8,75,330,4213,79,69,46,5,5,5,49,5,5,5,5,52
Doddabele,12.888859,77.476972,41,9,128,34,76,0,0,288,1666,69,60,40,4,4,4,43,4,4,4,4,46
Doddagangawadi,12.789273,77.197528,51,0,202,3,111,33,92,492,6652,117,103,68,7,7,7,73,7,7,7,7,78
Doddagattiganabbe,13.034146,77.787375,79,0,61,6,134,4,87,371,5171,88,77,51,5,5,5,55,5,5,5,5,59
Doddahejjaji,13.270794,77.414102,46,2,17,0,25,1,13,104,819,24,21,14,2,2,2,15,2,2,2,2,16
Doddajala,13.17672,77.651848,191,27,234,3,344,0,617,1416,3532,339,297,198,20,20,20,212,20,20,20,20,226
Doddakabballi,12.44081,77.51785,2,0,1,1,6,0,1,11,5482,2,1,1,0,0,0,1,0,0,0,0,1
Doddamudigere,13.023898,77.124073,6,0,0,0,2,0,0,8,2837,1,1,0,0,0,0,1,0,0,0,0,1
Doddanallala,13.082973,77.896487,1,0,4,0,8,0,1,14,1220,3,2,1,0,0,0,2,0,0,0,0,2
Doddasanne,13.217879,77.693955,28,1,109,15,65,0,0,218,1283,52,45,30,3,3,3,32,3,3,3,3,34
Doddasomanahalli,12.791037,76.518733,46,1,94,0,84,2,39,266,6313,63,55,37,4,4,4,39,4,4,4,4,42
Doddatumkur,13.226463,77.531122,122,0,113,3,418,9,244,909,2841,217,190,127,13,13,13,136,13,13,13,13,145
Dommasandra,13.011225,77.740368,323,5,495,10,1183,520,172,2708,5978,649,568,378,39,39,39,406,39,39,39,39,433
Ganakal,12.896802,77.512244,34,0,75,27,49,0,3,188,2172,45,39,26,2,2,2,28,2,2,2,2,30
Ganalu,12.602162,77.395921,12,1,12,2,153,0,43,223,5192,53,46,31,3,3,3,33,3,3,3,3,35
Gangonahalli,13.207244,77.031386,29,0,193,54,2,0,195,473,939,113,99,66,7,7,7,70,7,7,7,7,75
Gantiganahalli,13.14408,77.58853,11,0,36,1,20,1,169,238,6525,57,49,33,3,3,3,35,3,3,3,3,38
Garakahalli,12.533619,77.144993,0,0,0,0,0,0,0,0,2306,0,0,0,0,0,0,0,0,0,0,0,0
GCEC Ramanagara,12.724698,77.274043,135,0,180,26,157,0,126,624,2550,149,130,87,9,9,9,93,9,9,9,9,99
Gejjagaragupppe,12.84963,77.200464,60,19,11,9,12,0,155,266,3471,63,55,37,4,4,4,39,4,4,4,4,42
Girenahalli,12.677262,77.456901,4,0,10,0,7,0,1,22,1457,4,4,2,0,0,0,3,0,0,0,0,3
Gollahalli,12.829183,77.666357,28,0,184,57,102,0,123,494,4819,118,103,68,7,7,7,74,7,7,7,7,78
Gollahalli,12.829183,77.666357,60,0,56,0,243,4,67,430,1978,103,90,60,6,6,6,64,6,6,6,6,68
Gottigehalli,12.720975,77.52633,13,11,135,34,0,0,168,361,6029,86,75,50,5,5,5,54,5,5,5,5,57
Government Silk Farm,13.017789,77.006237,217,8,413,13,606,107,397,1761,4249,422,369,246,25,25,25,264,25,25,25,25,281
Gowdagere,12.405185,77.102302,108,0,68,8,182,9,67,442,5149,105,92,61,6,6,6,66,6,6,6,6,70
Guddanahalli,13.00277,77.965516,19,0,106,33,87,0,225,470,3103,112,98,65,7,7,7,70,7,7,7,7,75
Gudemaranahalli,13.051594,77.264186,98,0,57,0,44,0,3,202,1047,48,42,28,3,3,3,30,3,3,3,3,32
Gundamgere,13.437781,77.478007,55,7,79,1,287,17,164,610,2519,146,127,85,9,9,9,91,9,9,9,9,97
Guttalahunase,12.582464,77.485257,0,0,0,0,0,0,0,0,1842,0,0,0,0,0,0,0,0,0,0,0,0
H.Kothanuru,28.654899,77.428623,2,0,0,0,0,0,0,2,3576,0,0,0,0,0,0,0,0,0,0,0,0
Hadonahalli,13.039501,76.948428,1,0,0,1,8,0,2,12,5643,2,2,1,0,0,0,1,0,0,0,0,1
Hagalahalli,12.554343,77.077457,14,0,96,5,94,0,24,233,5542,55,48,32,3,3,3,34,3,3,3,3,37
Hanabe,13.324996,77.463533,69,0,67,19,81,1,92,329,2283,78,69,46,5,5,5,49,5,5,5,5,52
Hanchaguli,12.493,77.523974,101,3,110,3,281,20,100,618,755,148,129,86,9,9,9,92,9,9,9,9,98
Handenahalli,12.826298,77.767556,0,0,0,0,0,0,0,0,3401,0,0,0,0,0,0,0,0,0,0,0,0
Harathi,30.664455,78.303395,7,0,58,1,24,1,31,122,4138,28,25,16,2,2,2,18,2,2,2,2,19
Harisandra,12.786776,77.304435,120,5,47,39,268,0,278,757,4558,181,158,105,11,11,11,113,11,11,11,11,120
Harobele,12.40318,77.42639,59,3,89,11,8,0,73,243,5403,58,51,34,3,3,3,36,3,3,3,3,38
Harohalli,12.755986,77.758675,97,7,44,38,288,46,448,968,6632,232,202,135,14,14,14,145,14,14,14,14,154
Harohalli,12.755986,77.758675,6,2,26,0,161,4,53,252,2911,60,52,35,4,4,4,37,4,4,4,4,40
Hasigala,13.135244,77.775208,43,12,58,7,130,0,203,453,4677,108,94,63,7,7,7,67,7,7,7,7,72
Heggadahalli,12.101896,76.598685,3,0,17,0,15,0,36,71,1143,16,14,9,1,1,1,10,1,1,1,1,11
Hegganahalli,13.001118,77.506655,60,71,241,26,179,6,577,1160,1362,278,243,162,16,16,16,174,16,16,16,16,185
Heggunda,13.277719,77.258973,3,0,13,3,73,4,71,167,2777,39,34,23,2,2,2,25,2,2,2,2,26
Hejjala,12.849125,77.418164,0,0,1,0,0,0,0,1,6725,0,0,0,0,0,0,0,0,0,0,0,0
Helagahalli,12.366832,77.408232,0,0,0,0,0,0,0,0,6407,0,0,0,0,0,0,0,0,0,0,0,0
Herandyappanahalli,12.472561,77.527292,0,0,0,0,6,1,2,9,848,1,1,1,0,0,0,1,0,0,0,0,1
Hindaganala,13.568449,76.601719,18,5,67,3,41,2,23,159,3314,37,33,22,2,2,2,23,2,2,2,2,25
Honganur,12.604008,77.217546,3644,407,4167,463,4813,9,14383,27886,1028,6692,5856,3904,398,398,398,4182,398,398,398,398,4461
Honnasandra,13.116816,77.447207,15,8,54,23,1,0,34,135,687,32,28,18,2,2,2,20,2,2,2,2,21
Honnayakanahalli,12.680458,77.086625,129,2,3,0,321,30,494,979,6038,234,205,136,14,14,14,146,14,14,14,14,156
Honniganahalli,12.668052,77.223263,32,4,50,10,100,4,71,271,2688,64,56,37,4,4,4,40,4,4,4,4,43
Horalagallu,12.476755,77.399005,712,0,904,9,2008,412,658,4703,6211,1128,987,658,67,67,67,705,67,67,67,67,752
Hosadurga,13.79806,76.28541,589,16,1611,254,5112,154,2732,10468,3536,2512,2197,1465,150,150,150,1570,150,150,150,150,1674
Hosahalli,12.794251,77.677824,18,1,12,3,37,0,27,98,3257,23,20,13,1,1,1,14,1,1,1,1,15
Hoskote Indl. Area,13.07184,77.787331,85,0,12,0,181,13,108,399,3847,95,83,55,6,6,6,59,6,6,6,6,63
Hoskote,13.07184,77.787331,14,6,42,0,21,0,33,116,4398,27,24,16,2,2,2,17,2,2,2,2,18
Hosur,12.731356,77.827029,29,0,31,12,49,0,174,295,1671,70,61,41,4,4,4,44,4,4,4,4,47
Hulikal,13.727245,75.008029,80,9,651,12,239,59,677,1727,1699,414,362,241,25,25,25,259,25,25,25,25,276
Hulikunte,13.981883,76.922553,0,0,0,0,0,0,0,0,4089,0,0,0,0,0,0,0,0,0,0,0,0
Hullegowdanahalli,13.060095,77.406509,8,0,5,0,4,0,3,20,4148,4,4,2,0,0,0,3,0,0,0,0,3
Hullenahalli,12.988486,76.677039,5,0,10,0,5,0,1,21,2389,4,4,2,0,0,0,3,0,0,0,0,3
Hunasamaranahalli,13.151616,77.620559,1,0,16,1,20,0,27,65,2042,15,13,8,1,1,1,9,1,1,1,1,10
Hunasanahalli,12.984909,78.17064,34,0,106,3,28,0,212,383,4121,91,80,53,5,5,5,57,5,5,5,5,61
Hunkunda,13.05043,78.245648,125,18,194,0,591,17,97,1042,1398,249,218,145,15,15,15,156,15,15,15,15,166
Huskur,12.861299,77.706789,2,0,0,0,6,2,7,17,2876,3,3,2,0,0,0,2,0,0,0,0,2
Ibasapura,13.243353,77.820957,47,0,69,11,191,12,263,593,3765,142,124,82,9,9,9,88,9,9,9,9,94
Iggalur,12.786632,77.704156,48,4,29,17,38,0,53,189,2435,45,39,26,3,3,3,28,3,3,3,3,30
Ijoor Ramangaram,12.722254,77.270728,5,1,21,1,21,2,2,53,912,12,10,7,1,1,1,7,1,1,1,1,8
Indalavadi,12.728673,77.641688,22,0,97,35,38,2,159,353,3507,84,73,49,5,5,5,52,5,5,5,5,56
Ittmadu,25.488102,86.783456,36,0,7,1,48,1,33,126,4771,30,26,17,2,2,2,18,2,2,2,2,20
Jadigenahalli,13.051533,77.853119,93,14,247,55,211,0,2,622,1052,148,130,86,9,9,9,93,9,9,9,9,99
Jagadapura,12.50579,77.226212,26,0,70,26,16,0,81,219,3471,52,45,30,3,3,3,32,3,3,3,3,34
Jakkanahalli,13.231388,76.729599,0,0,0,0,1,0,0,1,4737,0,0,0,0,0,0,0,0,0,0,0,0
Jakkasandra,13.089412,77.965936,63,0,192,62,139,0,133,589,737,141,123,82,8,8,8,88,8,8,8,8,94
Jalamangala,12.821483,77.220964,67,0,95,16,171,4,103,456,4015,109,95,63,7,7,7,68,7,7,7,7,72
Jalige,13.22689,77.585522,244,64,196,31,74,0,594,1203,6729,288,252,168,17,17,17,180,17,17,17,17,192
Jodidasarahalli,13.09978,77.836088,44,2,24,2,36,0,52,160,1585,38,33,22,2,2,2,24,2,2,2,2,25
K.Karenahalli,13.26971,77.977374,77,28,19,17,422,200,575,1338,6548,321,280,187,19,19,19,200,19,19,19,19,214
K.Satyavara,28.654899,77.428623,34,0,90,21,77,0,30,252,5329,60,52,35,4,4,4,37,4,4,4,4,40
Kabbal,12.500927,77.304075,0,0,0,0,0,0,0,0,3614,0,0,0,0,0,0,0,0,0,0,0,0
Kadabagere,12.996485,77.432955,71,12,128,0,101,2,66,380,3388,91,79,53,5,5,5,57,5,5,5,5,60
Kadahalli,13.962472,75.061889,28,5,91,31,78,0,100,333,5521,79,69,46,5,5,5,49,5,5,5,5,53
Kadalappanahalli,13.374058,77.408529,111,125,375,31,250,18,3160,4070,6367,976,854,569,58,58,58,610,58,58,58,58,651
Kadanur,12.226142,75.778462,34,0,64,30,126,0,49,303,4531,72,63,42,4,4,4,45,4,4,4,4,48
Kaggala Halli,12.52952,76.222681,82,29,644,104,11,83,474,1427,4047,342,299,199,20,20,20,214,20,20,20,20,228
Kailancha,12.669956,77.328627,59,6,161,34,162,13,110,545,6015,130,114,76,8,8,8,81,8,8,8,8,87
Kalari,13.009141,77.169336,3,0,3,0,8,0,0,14,4625,3,2,1,0,0,0,2,0,0,0,0,2
Kallahalli,12.52454,76.87327,103,0,119,14,252,2,440,930,5340,223,195,130,13,13,13,139,13,13,13,13,148
Kallanakupppe,13.31707,76.245522,11,0,18,0,24,6,15,74,2773,17,15,10,1,1,1,11,1,1,1,1,11
Kalludevanahalli,12.7753,76.757503,0,0,0,0,0,0,0,0,3336,0,0,0,0,0,0,0,0,0,0,0,0
Kalya,12.979385,77.181536,198,3,205,8,205,7,70,696,3959,166,145,97,10,10,10,104,10,10,10,10,111
Kambalu,13.16693,77.24036,0,0,1,0,0,0,0,1,3508,0,0,0,0,0,0,0,0,0,0,0,0
Kanakapura Bazar,12.543748,77.423846,40,5,119,24,155,0,7,350,6587,84,73,48,5,5,5,52,5,5,5,5,56
Kanakapura,12.543748,77.423846,62,6,57,20,94,3,168,410,5701,98,85,57,6,6,6,61,6,6,6,6,65
Kanasavadi,13.20969,77.437131,109,2,85,8,251,2,113,570,3349,136,119,79,8,8,8,85,8,8,8,8,91
Kanchugaranahalli,14.176031,75.770235,79,5,139,10,229,0,489,951,4365,228,199,132,14,14,14,142,14,14,14,14,152
Kannamangala,13.027413,77.76972,0,0,1,0,8,3,0,12,6397,2,2,1,0,0,0,1,0,0,0,0,1
Kannamangala,13.027413,77.76972,18,0,92,25,57,0,43,235,6738,56,49,32,3,3,3,35,3,3,3,3,37
Kannur,11.871823,75.378472,99,0,91,16,175,2,47,430,4542,103,90,60,6,6,6,64,6,6,6,6,68
Kanva,16.173134,75.659729,1,0,0,0,0,0,0,1,4321,0,0,0,0,0,0,0,0,0,0,0,0
Karahalli,12.99652,78.182843,25,2,147,21,133,0,244,572,6641,136,120,80,8,8,8,85,8,8,8,8,91
Karikaldoddi,12.64892,77.50289,32,8,13,4,36,1,86,180,3510,43,37,25,2,2,2,27,2,2,2,2,28
Karlamangala,12.912928,77.263431,67,5,26,15,238,89,507,947,4245,226,198,132,14,14,14,142,14,14,14,14,151
Kattigenahalli,13.116102,77.633355,2,0,0,1,12,0,0,15,973,3,3,2,0,0,0,2,0,0,0,0,2
Kembliganahalli,13.131145,77.882971,34,0,27,0,57,24,12,154,4159,36,31,21,2,2,2,23,2,2,2,2,24
Kempasagara,13.387816,76.234907,19,0,38,1,42,1,15,116,5077,27,24,16,2,2,2,17,2,2,2,2,18
Kithanahalli,13.008884,77.418483,7,0,16,0,28,0,66,117,3950,27,24,16,2,2,2,17,2,2,2,2,18
Kodamballi,8.695477,76.770122,12,0,24,0,41,0,93,170,4358,40,35,23,2,2,2,25,2,2,2,2,27
Kodigehalli,13.056222,77.576593,73,7,200,35,159,0,91,565,2434,135,118,78,8,8,8,84,8,8,8,8,90
Kodihalli,12.963424,77.649353,5,0,19,1,28,0,28,81,4768,19,16,11,1,1,1,12,1,1,1,1,12
Koira,21.907891,85.25153,75,5,76,13,88,2,64,323,4613,77,67,45,5,5,5,48,5,5,5,5,51
Kolagondanahalli,12.460729,77.609725,16,1,64,0,31,0,83,195,4474,46,40,27,3,3,3,29,3,3,3,3,31
Koligere,13.302151,77.391771,0,0,2,0,0,1,0,3,3919,0,0,0,0,0,0,0,0,0,0,0,0
Kollalagatta,13.195718,77.322555,7,0,21,3,32,2,60,125,5643,30,25,17,2,2,2,18,2,2,2,2,20
Kollathur,12.749793,79.14363,91,10,143,4,136,0,471,855,2557,205,179,119,12,12,12,128,12,12,12,12,136
Kolliganahalli,12.711586,77.40762,27,0,95,16,160,4,79,381,2492,91,79,53,5,5,5,57,5,5,5,5,60
Kongadiyappa Road,22.61373,88.41263,27,14,14,2,42,0,185,284,6767,67,59,39,4,4,4,42,4,4,4,4,45
Konnagatta,12.930264,77.463923,0,0,0,0,2,0,0,2,4381,0,0,0,0,0,0,0,0,0,0,0,0
Korati,12.899752,76.966877,86,7,182,2,146,0,414,837,1789,200,175,116,12,12,12,125,12,12,12,12,133
Kottagalu,12.664043,77.389733,33,30,76,7,118,2,287,553,4467,132,115,77,8,8,8,82,8,8,8,8,88
Krishnapuradoddi,12.682537,77.311857,56,35,94,16,98,0,201,500,5983,120,105,70,7,7,7,75,7,7,7,7,80
Kudlur,13.209068,75.838138,29,0,35,1,72,0,20,157,4848,37,32,21,2,2,2,23,2,2,2,2,24
Kudur,13.108057,77.165789,77,13,198,10,502,0,432,1232,5328,295,258,172,18,18,18,184,18,18,18,18,196
Kugur,12.901721,77.806114,106,0,142,10,130,0,619,1007,2522,241,211,140,14,14,14,151,14,14,14,14,160
Kuluvanahalli,13.175378,77.297475,65,2,90,8,142,12,115,434,2679,103,90,60,6,6,6,65,6,6,6,6,69
Kumbalahalli,13.091466,77.79338,53,0,61,5,23,0,199,341,4413,81,71,47,5,5,5,51,5,5,5,5,54
Kundana,25.38094,88.297067,44,0,111,16,0,0,54,225,2887,54,46,31,3,3,3,33,3,3,3,3,36
Kurupet,12.537321,77.422015,37,3,18,3,15,0,13,89,3759,21,18,12,1,1,1,13,1,1,1,1,14
Kutgal,12.776086,77.241336,26,3,196,54,0,0,147,426,825,102,89,59,6,6,6,63,6,6,6,6,68
Kyasapura,14.247722,76.305204,10,0,6,0,4,0,14,34,3644,7,6,4,1,1,1,5,1,1,1,1,5
Lakkenahalli,13.043527,77.397036,126,0,87,15,300,6,111,645,2341,154,135,90,9,9,9,96,9,9,9,9,103
Lakkojanahalli,12.640923,77.278224,240,5,475,14,559,141,300,1734,5952,415,363,242,25,25,25,260,25,25,25,25,277
Lakkondanahalli,12.808221,75.996453,45,31,57,35,238,0,116,522,2753,124,109,72,8,8,8,78,8,8,8,8,83
Lakkur,12.002172,76.424563,24,0,116,2,34,4,62,242,3839,57,50,33,4,4,4,36,4,4,4,4,38
Lakshmipura,13.446973,78.298514,7,1,9,2,138,0,59,216,5794,51,45,30,3,3,3,32,3,3,3,3,34
Lakshmipura,13.446973,78.298514,4,0,1,0,7,0,0,12,874,2,2,1,0,0,0,1,0,0,0,0,1
Lalaghatta,12.64256,77.2108,33,3,129,16,60,0,0,241,3531,57,50,33,3,3,3,36,3,3,3,3,38
Madabal,16.850308,76.289924,16,1,29,0,6,1,2,55,3977,13,11,7,1,1,1,8,1,1,1,1,8
Madalakote,13.115083,77.310834,86,12,128,4,208,0,349,787,6698,188,165,110,11,11,11,118,11,11,11,11,125
Madanayakanahalli,13.060724,77.462351,44,0,78,25,40,5,195,387,6372,92,81,54,5,5,5,58,5,5,5,5,61
Madavara,13.053579,77.472571,40,0,106,14,73,2,45,280,3023,67,58,39,4,4,4,42,4,4,4,4,44
Madigondanahalli,13.069484,77.20806,68,0,41,1,75,2,34,221,3621,52,46,30,3,3,3,33,3,3,3,3,35
Magadi,12.952677,77.228238,57,4,47,7,55,2,48,220,6264,52,46,30,3,3,3,33,3,3,3,3,35
Mahadevapura,12.990723,77.68741,56,25,90,28,41,0,264,504,1952,120,105,70,7,7,7,75,7,7,7,7,80
Makali,12.895809,74.885438,4,0,21,2,34,0,34,95,5811,22,19,13,1,1,1,14,1,1,1,1,15
Makali,12.895809,74.885438,4,0,25,0,13,0,42,84,5749,19,17,11,1,1,1,12,1,1,1,1,13
Malgal,12.906705,77.611286,1,0,3,0,5,0,1,10,5729,2,1,1,0,0,0,1,0,0,0,0,1
Mallarabanavadi,13.073525,77.379256,31,0,18,16,81,0,46,192,2777,45,40,26,3,3,3,28,3,3,3,3,30
Mallathahalli,12.956532,77.502492,69,9,353,79,280,0,380,1170,6499,280,245,163,17,17,17,175,17,17,17,17,187
Mallligemetlu,13.095134,75.831198,29,10,108,41,3,0,68,259,711,61,54,36,4,4,4,38,4,4,4,4,41
Malur,13.001665,77.938209,3,0,0,0,7,1,3,14,1742,3,2,1,0,0,0,2,0,0,0,0,2
Manchanabele,12.867479,77.334084,18,0,9,19,9,1,21,77,3326,18,15,10,1,1,1,11,1,1,1,1,12
Manchanayakanahalli,12.834844,77.417397,112,2,624,54,718,56,483,2049,2271,491,430,286,29,29,29,307,29,29,29,29,327
Manchegowdanapalya,12.722987,77.38056,36,5,52,22,87,1,158,361,6013,86,75,50,5,5,5,54,5,5,5,5,57
Mandibele,13.268523,77.788856,48,0,28,1,60,16,18,171,3890,40,35,23,3,3,3,25,3,3,3,3,27
Mandigere,13.164653,77.36995,22,17,100,10,149,0,810,1108,3332,265,232,154,16,16,16,166,16,16,16,16,177
Mankunda,12.665583,77.142564,1,1,6,0,3,0,0,11,5941,2,1,1,0,0,0,1,0,0,0,0,1
Manne,13.255186,77.295501,23,0,53,0,38,0,137,251,6058,60,52,34,4,4,4,37,4,4,4,4,40
Manniganahalli,13.053547,77.18726,0,1,31,0,61,0,6,99,797,23,20,13,2,2,2,14,2,2,2,2,15
Maralakunte,13.132168,77.705545,0,0,0,0,0,0,0,0,2659,0,0,0,0,0,0,0,0,0,0,0,0
Maralavadi,12.61101,77.52606,42,10,207,53,162,0,137,611,5421,146,127,85,9,9,9,91,9,9,9,9,97
Marale,16.78395,73.872875,1,0,1,0,1,1,1,5,5458,1,0,0,0,0,0,0,0,0,0,0,0
Marasandra,13.099406,77.714586,21,1,31,3,63,2,155,276,1230,66,57,38,4,4,4,41,4,4,4,4,44
Marchanhalli,13.448386,77.270887,35,6,290,2,249,0,331,913,4883,219,191,127,13,13,13,136,13,13,13,13,146
Marikuppe,13.042187,77.297984,14,0,5,0,80,7,31,137,2883,32,28,18,2,2,2,20,2,2,2,2,21
Marlebekuppe,12.436903,77.411579,9,0,0,0,16,1,0,26,6376,6,5,3,0,0,0,3,0,0,0,0,4
Marsur,12.764994,77.712453,1041,403,5158,1154,198,96,3792,11842,3455,2841,2486,1657,169,169,169,1776,169,169,169,169,1894
Mathahalli,13.107693,77.456736,9,3,99,0,30,2,20,163,727,39,34,22,2,2,2,24,2,2,2,2,26
Mathikere,13.035619,77.557329,1256,30,192,8,3987,267,3668,9408,2264,2257,1975,1316,134,134,134,1411,134,134,134,134,1505
Mayaganahalli,12.771326,77.33572,53,0,4,1,89,4,18,169,6201,40,35,23,2,2,2,25,2,2,2,2,26
Mayasandra,12.751837,77.746805,112,0,86,14,198,2,211,623,698,149,130,87,9,9,9,93,9,9,9,9,99
Mayasandra,12.751837,77.746805,4391,57,4547,664,8049,390,5281,23379,726,5610,4909,3272,334,334,334,3506,334,334,334,334,3740
Medamaranahalli,12.700988,77.450937,27,0,47,3,61,0,53,191,6065,45,39,26,3,3,3,28,3,3,3,3,30
Melekote,12.557493,77.414611,17,14,12,15,25,0,72,155,4993,37,32,21,2,2,2,23,2,2,2,2,24
Mogenahalli,12.699148,77.147121,70,1,123,10,98,0,322,624,1918,149,130,87,9,9,9,93,9,9,9,9,99
Motagondanahalli,13.417644,77.331302,17,2,62,22,64,0,77,244,6706,58,51,34,3,3,3,36,3,3,3,3,38
Mudugere,12.646908,77.127869,5,0,7,0,0,0,0,12,3879,2,2,1,0,0,0,1,0,0,0,0,1
Mugabala,13.118411,77.889005,103,2,347,54,353,0,899,1758,4450,421,369,246,25,25,25,263,25,25,25,25,281
Mullahalli,12.391016,77.447485,37,0,126,43,45,0,41,292,1302,69,61,40,4,4,4,43,4,4,4,4,46
Mylanahalli,13.186359,77.696359,2,0,0,0,5,0,1,8,4629,1,1,0,0,0,0,1,0,0,0,0,1
Mylanayakanhalli,14.435066,75.62469,15,0,35,16,84,9,64,223,6079,53,46,31,3,3,3,33,3,3,3,3,35
Nagavara,13.040066,77.613414,85,0,88,17,320,20,171,701,6460,168,147,98,10,10,10,105,10,10,10,10,112
Nandagudi,13.203511,77.900908,5,0,13,0,7,0,3,28,2803,6,5,3,0,0,0,4,0,0,0,0,4
Narasandra,13.064459,77.17317,24,21,30,6,292,1,161,535,5869,128,112,74,8,8,8,80,8,8,8,8,85
Narasipura,13.110331,77.463008,5,0,33,0,28,10,1,77,5901,18,15,10,1,1,1,11,1,1,1,1,12
Narayanapura,12.60576,76.626769,15,0,45,0,104,0,232,396,6562,94,82,55,6,6,6,59,6,6,6,6,63
Narayanapura,12.60576,76.626769,14,2,45,4,182,2,77,326,2302,78,68,45,5,5,5,48,5,5,5,5,52
Nelamangala,13.09963,77.391274,31,0,112,0,62,5,10,220,5823,52,46,30,3,3,3,33,3,3,3,3,35
Nelavagilu,14.295752,75.373671,79,39,183,27,163,0,0,491,780,117,102,68,7,7,7,73,7,7,7,7,78
Neralur,12.795836,77.728767,4,0,5,0,13,0,0,22,2784,4,4,2,0,0,0,3,0,0,0,0,3
Neralur,12.795836,77.728767,56,4,13,1,219,11,235,539,4240,129,112,75,8,8,8,80,8,8,8,8,86
Neriga,12.912101,77.777123,69,18,64,5,314,132,422,1024,733,245,214,143,15,15,15,153,15,15,15,15,163
Niduvanda,13.240868,77.271837,31,1,52,13,73,1,116,287,5378,68,60,40,4,4,4,43,4,4,4,4,45
Obalapura,14.200988,76.828334,0,0,0,0,0,0,0,0,2728,0,0,0,0,0,0,0,0,0,0,0,0
Purushanahalli,13.23761,77.39277,7,0,5,1,16,0,10,39,4793,9,7,5,1,1,1,5,1,1,1,1,6
Rajaghatta,12.611105,76.586144,27,3,7,2,3,0,10,52,3877,12,10,7,1,1,1,7,1,1,1,1,8
Ramanagaram,12.72517,77.27298,19,1,20,3,31,2,46,122,2724,28,25,16,2,2,2,18,2,2,2,2,19
Rameshwara,13.751714,74.725804,39,0,65,1,228,7,152,492,3445,117,103,68,7,7,7,73,7,7,7,7,78
Rampura,24.464881,75.43793,32,1,71,24,45,0,23,196,6031,46,40,27,3,3,3,29,3,3,3,3,31
Reddihalli,14.258346,76.703021,10,0,16,0,0,0,33,59,6476,13,12,8,1,1,1,8,1,1,1,1,9
Sadahalli,12.552984,77.164013,0,0,0,0,0,0,0,0,3610,0,0,0,0,0,0,0,0,0,0,0,0
Sakkaaregollahalli,17.542539,76.412465,14,0,47,2,173,6,149,391,5837,93,81,54,6,6,6,58,6,6,6,6,62
Samandur,12.714872,77.75346,2,0,4,0,24,0,21,51,5319,12,10,6,1,1,1,7,1,1,1,1,8
Sankighatta,13.0778,77.110801,1,0,0,0,0,0,0,1,2384,0,0,0,0,0,0,0,0,0,0,0,0
Sarjapura,12.861225,77.786347,47,10,86,9,95,2,195,444,6744,106,93,62,6,6,6,66,6,6,6,6,70
Sasalu,13.239611,76.713972,4,0,3,1,8,0,13,29,4165,6,6,4,0,0,0,4,0,0,0,0,4
Sathanur,12.555264,76.899954,34,7,17,6,211,82,317,674,3747,161,141,94,10,10,10,101,10,10,10,10,107
Sathanur,12.555264,76.899954,54,9,248,15,94,1,235,656,3152,157,137,91,9,9,9,98,9,9,9,9,104
Shanumangala,12.793571,77.430961,8,3,43,7,6,0,43,110,5541,26,22,15,2,2,2,16,2,2,2,2,17
Shettihalli,13.059696,77.519664,26,1,38,0,40,1,40,146,4034,34,30,20,2,2,2,21,2,2,2,2,23
Shivagange,13.726537,75.801112,0,0,0,0,0,0,0,0,2429,0,0,0,0,0,0,0,0,0,0,0,0
Shivanahalli,12.723683,77.575143,29,0,184,3,84,0,380,680,4802,163,142,95,10,10,10,102,10,10,10,10,108
Shivanapura,13.048931,77.421372,11,0,73,0,22,1,73,180,4181,43,37,25,2,2,2,27,2,2,2,2,28
Shivanapura,13.048931,77.421372,58,6,8,0,75,2,9,158,935,37,33,22,2,2,2,23,2,2,2,2,25
Shivapura,12.603234,77.051048,35,7,52,20,79,4,21,218,958,52,45,30,3,3,3,32,3,3,3,3,34
Singarajipura,12.553288,77.273702,5,1,16,0,5,0,3,30,2856,7,6,4,0,0,0,4,0,0,0,0,4
Sirigiripura,14.6234,74.83715,31,0,20,10,94,1,202,358,6197,85,75,50,5,5,5,53,5,5,5,5,57
Sogala,20.187737,86.30828,5,0,6,0,14,0,19,44,2977,10,9,6,1,1,1,6,1,1,1,1,6
Soladevanahalli,13.092037,77.488283,106,1,148,14,376,7,243,895,4074,214,187,125,13,13,13,134,13,13,13,13,143
Solur,12.66664,77.68808,23,0,251,79,1,0,154,508,2372,121,106,70,7,7,7,76,7,7,7,7,81
Sondekoppa,13.019973,77.382602,22,1,13,0,32,0,40,108,5765,25,22,14,2,2,2,16,2,2,2,2,17
Sri Subramanyaghati,18.569908,84.194545,33,4,12,10,123,108,449,739,5739,177,154,103,11,11,11,110,11,11,11,11,118
Sugganahalli,13.159808,77.129757,118,13,427,38,214,0,507,1317,5888,315,276,184,19,19,19,197,19,19,19,19,210
Sugganahalli,13.159808,77.129757,1,0,0,0,0,0,0,1,1869,0,0,0,0,0,0,0,0,0,0,0,0
Sulebele,13.185467,77.80262,52,1,115,24,183,0,112,487,1511,116,102,68,7,7,7,73,7,7,7,7,77
Sulleri,12.575403,77.172227,46,0,70,0,55,18,29,218,4929,52,45,30,3,3,3,32,3,3,3,3,34
Syakaladevanapura,13.247408,77.428188,16,5,133,37,122,0,150,463,6116,111,97,64,6,6,6,69,6,6,6,6,74
T.Hosahalli,12.794251,77.677824,1,0,0,0,0,0,0,1,2705,0,0,0,0,0,0,0,0,0,0,0,0
Tagachagere,13.426127,76.513106,0,0,0,0,0,0,0,0,2776,0,0,0,0,0,0,0,0,0,0,0,0
Tarahunise,13.179089,77.587927,0,0,0,0,0,0,0,0,1571,0,0,0,0,0,0,0,0,0,0,0,0
Tattekere,12.832478,75.988836,107,5,75,11,309,11,93,611,5514,146,127,85,9,9,9,91,9,9,9,9,97
Tavarekere,12.963923,77.399314,67,0,335,46,257,0,294,999,4933,239,209,139,14,14,14,149,14,14,14,14,159
Tavarekere,12.963923,77.399314,12,0,10,0,10,0,6,38,6336,9,7,5,0,0,0,5,0,0,0,0,6
Terubeedi,12.549046,77.557825,2,1,8,3,7,0,29,50,6634,12,10,6,1,1,1,7,1,1,1,1,8
Thaggikuppe,12.987104,77.220802,23,2,87,41,50,0,4,207,1570,49,43,28,3,3,3,31,3,3,3,3,32
Thammanayakanahalli,13.426579,77.792418,104,2,57,31,456,74,763,1487,6736,356,312,208,21,21,21,223,21,21,21,21,237
Thimmasandra,12.727522,77.647855,251,0,398,7,564,41,357,1618,6754,388,339,226,23,23,23,242,23,23,23,23,258
Thippasandra,12.910189,77.743018,49,0,73,4,87,1,28,242,6747,57,50,33,4,4,4,36,4,4,4,4,38
Tippur,12.98725,76.90197,1,3,1,0,11,0,8,24,1233,5,4,3,0,0,0,3,0,0,0,0,3
Tubugere,13.287391,77.543236,12,0,34,11,12,0,1,70,3452,16,14,9,1,1,1,10,1,1,1,1,11
Tungani,12.593015,77.424146,1,0,2,0,2,0,1,6,3414,1,1,0,0,0,0,0,0,0,0,0,0
Tyamagondlu,13.214962,77.301428,17,2,3,0,30,1,3,56,4503,13,11,7,1,1,1,8,1,1,1,1,8
Udukunte,13.13227,77.23605,45,1,6,0,102,11,90,255,5537,61,53,35,4,4,4,38,4,4,4,4,40
Uganavadi,13.239654,77.656783,92,6,105,15,55,0,420,693,1035,166,145,96,10,10,10,103,10,10,10,10,110
Vagata Agrahara,13.096748,77.625778,8,0,9,1,5,0,2,25,2172,6,4,3,0,0,0,3,0,0,0,0,4
Vanakanahalli,12.671668,77.693507,67,4,105,7,382,25,180,770,2294,184,161,107,11,11,11,115,11,11,11,11,123
Veerapura,13.850425,75.659236,44,7,36,18,94,0,147,346,5156,82,72,48,5,5,5,51,5,5,5,5,55
Veeregowdanadoddi,12.49432,77.16264,67,27,42,13,298,338,483,1268,2909,304,265,177,18,18,18,190,18,18,18,18,202
Venkatagirikote,13.327017,77.734251,98,2,115,15,458,140,262,1090,720,261,228,152,16,16,16,163,16,16,16,16,174
Venkatarayanadoddi,14.018032,74.531349,239,4,448,6,588,214,414,1913,2813,459,401,267,27,27,27,286,27,27,27,27,306
Vidyanagara,13.42387,75.25952,100,3,128,13,70,0,212,526,4496,126,110,73,7,7,7,78,7,7,7,7,84
Vijayapaura,26.05742,77.36375,5,1,34,1,32,0,9,82,6371,19,16,11,1,1,1,12,1,1,1,1,12
Virupakshipura,13.125956,76.493189,40,7,34,19,479,557,400,1536,1253,368,322,214,22,22,22,230,22,22,22,22,245
Vishwanathapura,13.274335,77.648617,3025,422,10135,2335,7885,11,8660,32473,6704,7793,6819,4546,464,464,464,4870,464,464,464,464,5195
Yadamaranahalli,12.439556,77.350644,2,0,0,2,1,1,2,8,4969,1,1,0,0,0,0,1,0,0,0,0,1
Yadavanahalli,12.79019,77.751412,91,11,38,14,240,10,129,533,5778,127,111,74,8,8,8,79,8,8,8,8,85
Yelekyathanahalli,13.299272,77.269457,25,0,118,2,73,3,310,531,2087,127,111,74,8,8,8,79,8,8,8,8,84
Yeletotadahalli,12.510614,77.1919,126,5,254,31,286,27,210,939,6492,225,196,131,13,13,13,140,13,13,13,13,150
Yeliyur,12.506997,76.81618,123,3,65,9,189,18,166,573,5710,137,120,80,8,8,8,85,8,8,8,8,91
Yennegere,13.944475,76.79034,22,3,51,3,24,0,49,152,1593,36,31,21,2,2,2,22,2,2,2,2,24
Yentiganahalli,13.061724,77.345903,4,0,21,0,5,0,5,35,5713,8,7,4,0,0,0,5,0,0,0,0,5
Yerehalli,14.552496,76.492662,12,0,46,2,20,0,28,108,6194,25,22,14,2,2,2,16,2,2,2,2,17